track_id,track_id,modality,source,time_day,number_of_samples,time_start,time_stop,time_total_s,time_total,avg_frequency,number_of_samples_af,time_start_af,time_stop_af,total_avg_speed,track_distance,mean_speed,max_speed,mean_accel,max_accel
1500000219603,1500000219603,car,Logger,2020-11-26 00:00:00.000,11000,2020-11-26 07:58:27.000,2020-11-26 08:16:46.900,1099.9,0 days 00:18:19.900000,10.000909173561231,6651,2020-11-26 07:58:27,2020-11-26 08:16:46.600000,4.9175415523582755,5408.803953438868,7.4668229195095215,37.174317240082935,16.505255038805327,324.4431724008294
1500000219604,1500000219604,car,Logger,2020-11-26 00:00:00.000,4800,2020-11-26 08:24:25.000,2020-11-26 08:32:24.900,479.9,0 days 00:07:59.900000,10.002083767451554,2852,2020-11-26 08:24:25,2020-11-26 08:32:24.500000,4.726466500676077,2268.2312736744493,7.026149764039079,20.148340123270202,20.587015312339215,75.95059057115262
1500000219605,1500000219605,car,Logger,2020-11-26 00:00:00.000,12670,2020-11-26 08:40:47.000,2020-11-26 09:01:53.900,1266.9,0 days 00:21:06.900000,10.000789328281632,4270,2020-11-26 08:40:47,2020-11-26 09:01:53.400000,3.597941836482539,4558.232512639729,8.484639461967255,34.02949882915738,19.15548566750034,190.09498829157383
1500000219606,1500000219606,car,Logger,2020-11-26 00:00:00.000,4200,2020-11-26 09:14:02.000,2020-11-26 09:21:01.900,419.9,0 days 00:06:59.900000,10.002381519409385,2872,2020-11-26 09:14:02,2020-11-26 09:21:01.900000,6.314893331398005,2651.623709854022,8.472894534669424,18.58811134426329,13.219915689160569,57.86965443385185
1500000219607,1500000219607,car,Logger,2020-11-26 00:00:00.000,9570,2020-11-26 09:34:24.000,2020-11-26 09:50:20.900,956.9,0 days 00:15:56.900000,10.00104504127913,5825,2020-11-26 09:34:24,2020-11-26 09:50:20.900000,7.6983386376009095,7366.54024232031,10.974259125973187,28.34061070305913,23.946629380939495,155.9575689422699
1500000219608,1500000219608,car,Logger,2020-11-26 00:00:00.000,3050,2020-11-26 09:56:08.000,2020-11-26 10:01:12.900,304.9,0 days 00:05:04.900000,10.003279763857003,1659,2020-11-26 09:56:08,2020-11-26 10:01:12,5.3663118123666464,1636.1884715905903,8.792944435386651,21.208779172664876,24.1030504030611,74.88340123270201
1500000219609,1500000219609,car,Logger,2020-11-26 00:00:00.000,7120,2020-11-26 10:11:19.000,2020-11-26 10:23:10.900,711.9,0 days 00:11:51.900000,10.001404691670178,3290,2020-11-26 10:11:19,2020-11-26 10:23:10,3.8671464900420225,2753.0215862609157,7.471589500840514,19.08790118843838,18.485256030999864,98.50568827816278
1500000219610,1500000219610,car,Logger,2020-11-26 00:00:00.000,10400,2020-11-26 10:34:49.000,2020-11-26 10:52:08.900,1039.9,0 days 00:17:19.900000,10.00096163092605,4299,2020-11-26 10:34:49,2020-11-26 10:52:08.900000,2.9116732017862494,3027.848962537521,6.05846397682074,24.52185486952118,12.949068773174606,236.1185486952118
1500000219611,1500000219611,car,Logger,2020-11-26 00:00:00.000,8990,2020-11-26 11:26:05.000,2020-11-26 11:41:03.900,898.9,0 days 00:14:58.900000,10.001112470797642,4685,2020-11-26 11:26:05,2020-11-26 11:41:03.900000,4.364170317465551,3922.952698369784,7.392497930111575,42.33193695489885,18.05286685371749,384.21936954898854
1500000219612,1500000219612,car,Logger,2020-11-26 00:00:00.000,7380,2020-11-26 11:46:12.000,2020-11-26 11:58:29.900,737.9,0 days 00:12:17.900000,10.00135519718119,2583,2020-11-26 11:46:12,2020-11-26 11:58:29.100000,3.084762595722414,2276.2463193835692,7.73344973802005,15.080524459286117,7.410242335228057,49.135116011183314
1500000219613,1500000219613,car,Logger,2020-11-26 00:00:00.000,8640,2020-11-26 12:29:56.000,2020-11-26 12:44:19.900,863.9,0 days 00:14:23.900000,10.001157541382105,5998,2020-11-26 12:29:56,2020-11-26 12:44:19.900000,6.260429428004292,5408.384982852907,8.310810706710544,19.535088166316797,19.067837278369392,77.71599094544494
1500000219614,1500000219614,car,Logger,2020-11-26 00:00:00.000,9890,2020-11-26 12:49:35.000,2020-11-26 13:06:03.900,988.9,0 days 00:16:28.900000,10.001011224592983,6479,2020-11-26 12:49:35,2020-11-26 13:06:03.500000,9.819425222038596,9710.429602073968,12.871418857587289,26.452991233396983,32.263562553771145,94.87636797985914
1500000219615,1500000219615,car,Logger,2020-11-26 00:00:00.000,8020,2020-11-26 13:32:28.000,2020-11-26 13:45:49.900,801.9,0 days 00:13:21.900000,10.001247038284076,5723,2020-11-26 13:32:28,2020-11-26 13:45:49.900000,11.580995019204895,9286.799905900405,13.503506954198214,23.694826618883027,33.66247980108891,82.42565432618123
1500000219616,1500000219616,car,Logger,2020-11-26 00:00:00.000,3420,2020-11-26 13:54:53.000,2020-11-26 14:00:34.900,341.9,0 days 00:05:41.900000,10.00292483182217,405,2020-11-26 13:54:53,2020-11-26 14:00:34.400000,0.9648078310705221,329.8677974430115,5.244931037601645,10.467399654701751,12.383384381523854,36.26737952016105
1500000219617,1500000219617,car,Logger,2020-11-27 00:00:00.000,16100,2020-11-27 07:51:49.000,2020-11-27 08:18:38.900,1609.9,0 days 00:26:49.900000,10.000621156593576,8678,2020-11-27 07:51:49,2020-11-27 08:18:38.100000,4.508137978958922,7257.65133232597,7.509317812981552,20.81863946425556,18.95742664726832,76.27462251631333
1500000219618,1500000219618,car,Logger,2020-11-27 00:00:00.000,16630,2020-11-27 08:26:33.000,2020-11-27 08:54:15.900,1662.9,0 days 00:27:42.900000,10.000601359071501,7107,2020-11-27 08:26:33,2020-11-27 08:54:15.100000,5.294807011153915,8804.734578847845,11.317987505644592,54.717081141071745,33.96010863654888,434.1708114107175
1500000219619,1500000219619,car,Logger,2020-11-27 00:00:00.000,4320,2020-11-27 09:26:04.000,2020-11-27 09:33:15.900,431.9,0 days 00:07:11.900000,10.002315350775643,1526,2020-11-27 09:26:04,2020-11-27 09:33:15.300000,2.7021259295790303,1167.048188985183,6.077282913043718,17.945654011391607,13.685116130062905,54.55654404394037
1500000219620,1500000219620,car,Logger,2020-11-27 00:00:00.000,3540,2020-11-27 09:47:51.000,2020-11-27 09:53:44.900,353.9,0 days 00:05:53.900000,10.002825656965245,1247,2020-11-27 09:47:51,2020-11-27 09:53:44.100000,3.924525380996407,1388.8895323346283,9.285606106543948,19.849933788191198,26.253386573655916,68.69933788191197
1500000219621,1500000219621,car,Logger,2020-11-27 00:00:00.000,8980,2020-11-27 10:08:50.000,2020-11-27 10:23:47.900,897.9,0 days 00:14:57.900000,10.001113709767235,5226,2020-11-27 10:08:50,2020-11-27 10:23:47.800000,6.82614873531409,6129.198949438522,10.772785514908353,22.653465971283055,27.43556497880631,79.53435366691416
1500000219622,1500000219622,car,Logger,2020-11-27 00:00:00.000,4100,2020-11-27 10:40:16.000,2020-11-27 10:47:05.900,409.9,0 days 00:06:49.900000,10.002439619419372,2292,2020-11-27 10:40:16,2020-11-27 10:47:05.900000,5.204178058337054,2133.192586112358,7.987590065089706,16.96702331482429,19.5428524133487,60.103064564931614
1500000219623,1500000219623,car,Logger,2020-11-27 00:00:00.000,13910,2020-11-27 11:03:33.000,2020-11-27 11:26:43.900,1390.9,0 days 00:23:10.900000,10.000718958947443,7549,2020-11-27 11:03:33,2020-11-27 11:26:43.600000,5.62364064029591,7821.921766587581,9.539853518863394,22.653659343291803,25.594611013904682,88.80133369409063
1500000219624,1500000219624,car,Logger,2020-11-27 00:00:00.000,3700,2020-11-27 11:35:23.000,2020-11-27 11:41:32.900,369.9,0 days 00:06:09.900000,10.002703433360368,454,2020-11-27 11:35:23,2020-11-27 11:41:32.900000,0.6456424607499471,238.82314623140542,3.0057635924085346,8.899667075053788,2.4783812339917417,24.596648801175796
1500000219625,1500000219625,car,Logger,2020-11-27 00:00:00.000,22530,2020-11-27 12:16:57.000,2020-11-27 12:54:29.900,2252.9,0 days 00:37:32.900000,10.000443872342315,13018,2020-11-27 12:16:57,2020-11-27 12:54:29.700000,7.010274386134106,15793.447164521527,9.220959395551988,28.79721339716581,20.754882678758268,134.07213397165808
1500000219626,1500000219626,car,Logger,2020-11-27 00:00:00.000,18600,2020-11-27 15:45:26.000,2020-11-27 16:16:25.900,1859.9,0 days 00:30:59.900000,10.000537663315232,7194,2020-11-27 15:45:26,2020-11-27 16:16:25.200000,6.265223860801066,11652.689858703903,11.38215759075856,88.11450453900768,25.915938255732048,747.7450453900767
1500000219627,1500000219627,car,Logger,2020-11-27 00:00:00.000,5220,2020-11-27 16:27:13.000,2020-11-27 16:35:54.900,521.9,0 days 00:08:41.900000,10.001916075876606,2843,2020-11-27 16:27:13,2020-11-27 16:35:54.900000,5.034063777727902,2627.277885596192,8.248650751992063,22.6536814674455,15.874582292791438,78.13680382070845
1500000219628,1500000219628,car,Logger,2020-11-28 00:00:00.000,5480,2020-11-28 07:34:46.000,2020-11-28 07:43:53.900,547.9,0 days 00:09:07.900000,10.001825150574923,3850,2020-11-28 07:34:46,2020-11-28 07:43:53.700000,8.549885576301406,4684.48230725554,11.491592192291916,27.57141278955671,26.78503463514109,94.91412789556712
1500000219629,1500000219629,car,Logger,2020-11-28 00:00:00.000,6290,2020-11-28 07:54:48.000,2020-11-28 08:05:16.900,628.9,0 days 00:10:28.900000,10.001590077913818,3839,2020-11-28 07:54:48,2020-11-28 08:05:16.400000,8.098478222668506,5093.132954236224,12.62113270146763,21.79472832060919,33.5666221477149,73.51977046329176
1500000219630,1500000219630,car,Logger,2020-11-28 00:00:00.000,10270,2020-11-28 08:10:53.000,2020-11-28 08:27:59.900,1026.9,0 days 00:17:06.900000,10.000973804654786,6773,2020-11-28 08:10:53,2020-11-28 08:27:59.100000,12.272592884308263,12602.725632896158,17.45720125488354,32.73001929846331,18.521717922259217,76.792179968843
1500000219631,1500000219631,car,Logger,2020-11-28 00:00:00.000,290,2020-11-28 09:01:50.000,2020-11-28 09:02:18.900,28.9,0 days 00:00:28.900000,10.034602076124568,192,2020-11-28 09:01:50,2020-11-28 09:02:18.900000,4.1818947533024895,120.85675837044195,4.409249686273267,8.506452065756855,14.46698795855516,32.03511601118331
1500000219632,1500000219632,car,Logger,2020-11-28 00:00:00.000,11800,2020-11-28 09:17:26.000,2020-11-28 09:37:05.900,1179.9,0 days 00:19:39.900000,10.000847529451647,8910,2020-11-28 09:17:26,2020-11-28 09:37:05.500000,13.187394574048,15559.806857919237,16.33608361804888,34.87549412991138,20.571941719853257,113.0549412991138
1500000219633,1500000219633,car,Logger,2020-11-28 00:00:00.000,7050,2020-11-28 09:56:16.000,2020-11-28 10:08:00.900,704.9,0 days 00:11:44.900000,10.001418640941978,4886,2020-11-28 09:56:16,2020-11-28 10:08:00.800000,9.752272257070898,6874.376714009275,12.747066809919168,44.127572044179004,32.9377576537448,287.67572044179
1500000219634,1500000219634,car,Logger,2020-11-28 00:00:00.000,1060,2020-11-28 13:40:07.000,2020-11-28 13:41:52.900,105.9,0 days 00:01:45.900000,10.009442870632672,611,2020-11-28 13:40:07,2020-11-28 13:41:52.600000,4.078542537411759,431.9176547119053,6.053746278463872,10.467373197245774,2.8916985322267967,46.4880543955912
1500000219635,1500000219635,car,Logger,2020-11-28 00:00:00.000,3540,2020-11-28 13:57:50.000,2020-11-28 14:03:43.900,353.9,0 days 00:05:53.900000,10.002825656965245,428,2020-11-28 13:57:50,2020-11-28 14:03:43.800000,0.8584433976999477,303.80311844601147,5.244264325300409,7.599603278776998,8.01232726696785,27.430726662865073
1500000219636,1500000219636,car,Logger,2020-11-30 00:00:00.000,810,2020-11-30 07:49:02.000,2020-11-30 07:50:22.900,80.9,0 days 00:01:20.900000,10.012360939431396,337,2020-11-30 07:49:02,2020-11-30 07:50:22.900000,3.0383473426769427,245.80230002256468,5.107368122032659,7.599603598389605,5.412024146246572,34.09603598389604
1500000219637,1500000219637,car,Logger,2020-11-30 00:00:00.000,12940,2020-11-30 09:08:06.000,2020-11-30 09:29:39.900,1293.9,0 days 00:21:33.900000,10.000772857253265,7202,2020-11-30 09:08:06,2020-11-30 09:29:38.800000,3.517875436797562,4551.779027672366,5.253290029915995,14.322963464148204,12.683507578200947,57.76633644203124
1500000219638,1500000219638,car,Logger,2020-11-30 00:00:00.000,1700,2020-11-30 09:41:47.000,2020-11-30 09:44:36.900,169.9,0 days 00:02:49.900000,10.005885815185403,870,2020-11-30 09:41:47,2020-11-30 09:44:36.300000,4.9311077979387505,837.7952148697938,8.828098035127955,17.46844560704434,24.52506774046097,59.684408357455894
1500000219639,1500000219639,car,Logger,2020-11-30 00:00:00.000,7980,2020-11-30 09:55:35.000,2020-11-30 10:08:52.900,797.9,0 days 00:13:17.900000,10.00125328988595,3268,2020-11-30 09:55:35,2020-11-30 10:08:51.100000,3.0604843350434385,2441.9604509311594,5.995075329540133,15.906584267404837,15.290407997900592,54.72470479581528
1500000219640,1500000219640,car,Logger,2020-11-30 00:00:00.000,9330,2020-11-30 10:20:44.000,2020-11-30 10:36:16.900,932.9,0 days 00:15:32.900000,10.001071926251473,6624,2020-11-30 10:20:44,2020-11-30 10:36:16.900000,9.161888279735097,8547.125576164872,12.21686750705425,28.63185183697616,26.438979791269738,98.6185172636376
1500000219641,1500000219641,car,Logger,2020-11-30 00:00:00.000,3640,2020-11-30 10:50:43.000,2020-11-30 10:56:46.900,363.9,0 days 00:06:03.900000,10.002748007694422,3269,2020-11-30 10:50:43,2020-11-30 10:56:46.900000,8.305226081047897,3022.2717708933296,8.883463222258747,16.753588321147767,15.916160938130227,65.1358691833103
1500000219642,1500000219642,car,Logger,2020-11-30 00:00:00.000,2880,2020-11-30 11:06:47.000,2020-11-30 11:11:34.900,287.9,0 days 00:04:47.900000,10.003473428273708,2431,2020-11-30 11:06:47,2020-11-30 11:11:34.900000,8.26656363141804,2379.9436694852534,9.281000028846025,20.14834023585783,17.79209264590183,69.58340123270202
1500000219643,1500000219643,car,Logger,2020-11-30 00:00:00.000,12690,2020-11-30 11:22:53.000,2020-11-30 11:44:01.900,1268.9,0 days 00:21:08.900000,10.000788084167388,7450,2020-11-30 11:22:53,2020-11-30 11:44:01.100000,10.459872648103097,13272.53240317802,13.127170821452676,41.88580738389568,25.93613120648423,317.9580738389568
1500000219644,1500000219644,car,Logger,2020-11-30 00:00:00.000,5550,2020-11-30 11:55:14.000,2020-11-30 12:04:28.900,554.9,0 days 00:09:14.900000,10.001802126509281,2951,2020-11-30 11:55:14,2020-11-30 12:04:28.900000,5.838958454105881,3240.038046183353,10.261828677517968,22.77909601668056,23.750734630591303,77.59082778301116
1500000219645,1500000219645,car,Logger,2020-11-30 00:00:00.000,9510,2020-11-30 12:15:53.000,2020-11-30 12:31:43.900,950.9,0 days 00:15:50.900000,10.00105163529288,7803,2020-11-30 12:15:53,2020-11-30 12:31:43.400000,13.992261792276889,13305.241738276092,14.570907777761521,32.0834780633005,22.50758702296256,129.431686473973
1500000219646,1500000219646,car,Logger,2020-11-30 00:00:00.000,5010,2020-11-30 12:40:57.000,2020-11-30 12:49:17.900,500.9,0 days 00:08:20.900000,10.001996406468358,3354,2020-11-30 12:40:57,2020-11-30 12:49:17.900000,7.4724503347760916,3742.950372689344,10.432687802862796,23.696982648142754,18.334826333790023,82.36982879946875
1500000219647,1500000219647,car,Logger,2020-11-30 00:00:00.000,5510,2020-11-30 12:59:51.000,2020-11-30 13:09:01.900,550.9,0 days 00:09:10.900000,10.001815211472136,4013,2020-11-30 12:59:51,2020-11-30 13:09:01.400000,7.89219898310066,4347.812419790153,10.205403038947031,20.14834023585783,14.334149494652367,69.78340125245425
1500000219648,1500000219648,car,Logger,2020-11-30 00:00:00.000,8980,2020-11-30 13:29:05.000,2020-11-30 13:44:02.900,897.9,0 days 00:14:57.900000,10.001113709767235,3806,2020-11-30 13:29:05,2020-11-30 13:44:02.300000,3.4075105697246726,3059.6037405557836,6.9895586010466575,14.32307225518419,14.190063123522954,118.85816467442173
1500000219649,1500000219649,car,Logger,2020-11-30 00:00:00.000,4890,2020-11-30 14:11:17.000,2020-11-30 14:19:25.900,488.9,0 days 00:08:08.900000,10.002045408058908,3155,2020-11-30 14:11:17,2020-11-30 14:19:25.800000,6.482031913396701,3169.065402459647,9.344998911975615,40.66793793305751,21.31426931375068,347.6793793305751
1500000219650,1500000219650,car,Logger,2020-11-30 00:00:00.000,10970,2020-11-30 14:30:34.000,2020-11-30 14:48:50.900,1096.9,0 days 00:18:16.900000,10.000911660133102,7862,2020-11-30 14:30:34,2020-11-30 14:48:50.100000,7.233733247016323,7934.681998652205,9.47589298840136,17.814415531742036,15.045785540361416,60.98535693482597
1500000219651,1500000219651,car,Logger,2020-11-30 00:00:00.000,15840,2020-11-30 15:00:53.000,2020-11-30 15:27:16.900,1583.9,0 days 00:26:23.900000,10.000631352989457,7694,2020-11-30 15:00:53,2020-11-30 15:27:16.900000,5.008055869729573,7932.259692064671,9.49424013199854,22.653657918593986,19.86164773549336,79.13648315212293
1500000219652,1500000219652,car,Logger,2020-11-30 00:00:00.000,3310,2020-11-30 15:33:47.000,2020-11-30 15:39:17.900,330.9,0 days 00:05:30.900000,10.003022061045634,2375,2020-11-30 15:33:47,2020-11-30 15:39:17.800000,7.353811279149211,2433.3761522704735,9.538822110893449,20.57247525989633,19.13172552244244,72.22475421755556
1500000219653,1500000219653,car,Logger,2020-11-30 00:00:00.000,16670,2020-11-30 16:11:56.000,2020-11-30 16:39:42.900,1666.9,0 days 00:27:46.900000,10.000599916011758,10525,2020-11-30 16:11:56,2020-11-30 16:39:42,6.359102671562048,10599.988243226779,9.013586336614269,23.696893224147367,21.467475293845556,82.16887178405311
1500000219654,1500000219654,car,Logger,2020-11-30 00:00:00.000,7880,2020-11-30 16:56:57.000,2020-11-30 17:10:04.900,787.9,0 days 00:13:07.900000,10.001269196598553,6645,2020-11-30 16:56:57,2020-11-30 17:10:04.900000,10.531174125663194,8297.51209361003,11.989528137773716,25.72861783128792,10.491654633053843,75.28340125245425
1500000219655,1500000219655,car,Logger,2020-11-30 00:00:00.000,12820,2020-11-30 17:30:33.000,2020-11-30 17:51:54.900,1281.9,0 days 00:21:21.900000,10.000780092050862,10445,2020-11-30 17:30:33,2020-11-30 17:51:54.500000,9.589616055422825,12292.92882144652,10.868296963229545,66.56293260713002,19.794575656391753,271.2646630356501
1500000219656,1500000219656,car,Logger,2020-11-30 00:00:00.000,5300,2020-11-30 18:18:35.000,2020-11-30 18:27:24.900,529.9,0 days 00:08:49.900000,10.00188714851859,694,2020-11-30 18:18:35,2020-11-30 18:27:24.200000,1.1647073658831635,617.1784331814883,7.200083578814988,15.080021851841364,12.695260607404089,41.10022973721552
1500000219657,1500000219657,car,Logger,2020-12-01 00:00:00.000,2340,2020-12-01 07:54:55.000,2020-12-01 07:58:48.900,233.9,0 days 00:03:53.900000,10.004275331338178,494,2020-12-01 07:54:55,2020-12-01 07:58:48.400000,1.227967620184776,287.22162636121914,3.4255735609631324,5.9382944562623905,5.809489031038048,23.057116512582436
1500000219658,1500000219658,car,Logger,2020-12-01 00:00:00.000,15680,2020-12-01 09:21:29.000,2020-12-01 09:47:36.900,1567.9,0 days 00:26:07.900000,10.000637795777791,11797,2020-12-01 09:21:29,2020-12-01 09:47:36.700000,12.510404658261056,19615.06346368751,14.139075318810539,32.083553013738744,36.88926017778134,112.33168647397302
1500000219659,1500000219659,car,Logger,2020-12-01 00:00:00.000,8570,2020-12-01 10:20:23.000,2020-12-01 10:34:39.900,856.9,0 days 00:14:16.900000,10.001166997315906,4296,2020-12-01 10:20:23,2020-12-01 10:34:38.700000,5.145654995893473,4409.311765981117,9.202455918317943,26.950230874432457,14.768538917599887,175.93908149673857
1500000219660,1500000219660,car,Logger,2020-12-01 00:00:00.000,8350,2020-12-01 10:52:36.000,2020-12-01 11:06:30.900,834.9,0 days 00:13:54.900000,10.001197748233322,5456,2020-12-01 10:52:36,2020-12-01 11:06:30.900000,8.784252423212335,7333.972348139979,12.632835641687386,21.61226377715387,37.34057515848139,76.18779170689656
1500000219661,1500000219661,car,Logger,2020-12-01 00:00:00.000,10340,2020-12-01 11:32:10.000,2020-12-01 11:49:23.900,1033.9,0 days 00:17:13.900000,10.00096721152916,6099,2020-12-01 11:32:10,2020-12-01 11:49:23.600000,6.453216150696117,6671.980178204716,10.312298713545557,22.44509773633296,12.775222921524836,77.692179968843
1500000219662,1500000219662,car,Logger,2020-12-01 00:00:00.000,10660,2020-12-01 12:12:25.000,2020-12-01 12:30:10.900,1065.9,0 days 00:17:45.900000,10.000938174312786,8005,2020-12-01 12:12:25,2020-12-01 12:30:10.200000,6.280613847387043,6694.50629992985,7.699803204931931,21.021445300514493,10.679412346888407,95.71445300514493
1500000219663,1500000219663,car,Logger,2020-12-01 00:00:00.000,4490,2020-12-01 12:52:32.000,2020-12-01 13:00:00.900,448.9,0 days 00:07:28.900000,10.00222766763199,3761,2020-12-01 12:52:32,2020-12-01 13:00:00.900000,5.26028957587155,2361.3439906087387,5.811757305283042,11.876205223514162,10.255852793135865,41.49394399879037
1500000219664,1500000219664,car,Logger,2020-12-01 00:00:00.000,4530,2020-12-01 13:25:14.000,2020-12-01 13:32:46.900,452.9,0 days 00:07:32.900000,10.002207992934423,3521,2020-12-01 13:25:14,2020-12-01 13:32:46.900000,5.357899612968493,2426.59273471343,6.361443465271308,11.389553438323917,13.435501171570252,44.36648872266138
1500000219665,1500000219665,car,Logger,2020-12-01 00:00:00.000,1880,2020-12-01 13:42:25.000,2020-12-01 13:45:32.900,187.9,0 days 00:03:07.900000,10.005321979776477,1021,2020-12-01 13:42:25,2020-12-01 13:45:32.900000,3.790998551225273,712.3286277752288,5.508925173201638,11.389601883847995,15.196568813230936,44.394509975132
1500000219666,1500000219666,car,Logger,2020-12-01 00:00:00.000,8050,2020-12-01 13:59:03.000,2020-12-01 14:12:27.900,804.9,0 days 00:13:24.900000,10.001242390359051,2277,2020-12-01 13:59:03,2020-12-01 14:12:26.200000,1.6068111335296333,1293.322281378002,4.494779266966,15.199110839285158,12.352715559219385,61.38818286163294
1500000219667,1500000219667,car,Logger,2020-12-01 00:00:00.000,15440,2020-12-01 14:23:25.000,2020-12-01 14:49:08.900,1543.9,0 days 00:25:43.900000,10.000647710343934,9772,2020-12-01 14:23:25,2020-12-01 14:49:08.800000,9.460879715532876,14606.652192811209,11.702714011848826,28.63185172438854,26.06788822314218,109.41851726363758
1500000219668,1500000219668,car,Logger,2020-12-01 00:00:00.000,15770,2020-12-01 15:03:36.000,2020-12-01 15:29:52.900,1576.9,0 days 00:26:16.900000,10.000634155621789,6891,2020-12-01 15:03:36,2020-12-01 15:29:51.800000,3.3280787297863004,5248.047349000018,6.58050336259262,17.07345420561751,10.70923497644487,52.97317531701857
1500000219669,1500000219669,car,Logger,2020-12-02 00:00:00.000,10300,2020-12-02 06:26:02.000,2020-12-02 06:43:11.900,1029.9,0 days 00:17:09.900000,10.00097096805515,3097,2020-12-02 06:26:02,2020-12-02 06:43:11.900000,1.9199524636857344,1977.359042349938,4.619115412702036,11.876566262201429,6.944811053919191,37.13950650513002
1500000219670,1500000219670,car,Logger,2020-12-02 00:00:00.000,740,2020-12-02 08:03:56.000,2020-12-02 08:05:09.900,73.9,0 days 00:01:13.900000,10.013531799729364,433,2020-12-02 08:03:56,2020-12-02 08:05:09.800000,3.994388177546417,295.18528632068023,5.165091982160741,9.85882379767777,6.845474256936776,36.41443375322064
1500000219671,1500000219671,car,Logger,2020-12-02 00:00:00.000,7690,2020-12-02 08:58:45.000,2020-12-02 09:11:33.900,768.9,0 days 00:12:48.900000,10.001300559240473,4177,2020-12-02 08:58:45,2020-12-02 09:11:33.700000,4.813500517522403,3701.1005479229757,8.006649471602785,22.653701234245247,16.42947469341984,77.0370088626143
1500000219672,1500000219672,car,Logger,2020-12-02 00:00:00.000,17600,2020-12-02 09:25:41.000,2020-12-02 09:55:00.900,1759.9,0 days 00:29:19.900000,10.000568214103074,9577,2020-12-02 09:25:41,2020-12-02 09:55:00.300000,4.321073308541973,7604.656915703018,6.97798761068804,18.893599883719382,16.172102896085732,69.2359988371938
1500000219673,1500000219673,car,Logger,2020-12-02 00:00:00.000,17620,2020-12-02 10:08:13.000,2020-12-02 10:37:34.900,1761.9,0 days 00:29:21.900000,10.000567569101538,7961,2020-12-02 10:08:13,2020-12-02 10:37:34.300000,3.7165323672838997,6548.1583779175035,6.758314463903289,18.50017908227758,16.818618536103827,97.39149174866611
1500000219674,1500000219674,car,Logger,2020-12-02 00:00:00.000,14710,2020-12-02 11:03:29.000,2020-12-02 11:27:59.900,1470.9,0 days 00:24:30.900000,10.000679855870555,9330,2020-12-02 11:03:29,2020-12-02 11:27:59.800000,5.126464401190676,7540.516487711365,7.084414688599019,16.440452765645425,15.302525906756452,59.10452765645425
1500000219675,1500000219675,car,Logger,2020-12-02 00:00:00.000,7480,2020-12-02 11:38:54.000,2020-12-02 11:51:21.900,747.9,0 days 00:12:27.900000,10.001337077149351,4506,2020-12-02 11:38:54,2020-12-02 11:51:21.700000,4.478968324568279,3349.8204099446157,6.790329310812068,14.398434489071365,18.110303428596197,61.128956760328315
1500000219676,1500000219676,car,Logger,2020-12-02 00:00:00.000,14540,2020-12-02 12:08:39.000,2020-12-02 12:32:52.900,1453.9,0 days 00:24:13.900000,10.000687805213563,10687,2020-12-02 12:08:39,2020-12-02 12:32:52.300000,6.695102747077524,9734.009883976012,8.645199790366066,17.468556589335833,7.336897687928395,59.98556589335832
1500000219677,1500000219677,car,Logger,2020-12-02 00:00:00.000,15970,2020-12-02 12:42:40.000,2020-12-02 13:09:16.900,1596.9,0 days 00:26:36.900000,10.000626213288246,9442,2020-12-02 12:42:40,2020-12-02 13:09:16.900000,4.796592462711809,7659.678503704487,7.6257239715022,18.027462251631334,17.452943911878172,63.07462251631333
1500000219678,1500000219678,car,Logger,2020-12-02 00:00:00.000,13520,2020-12-02 13:19:25.000,2020-12-02 13:41:56.900,1351.9,0 days 00:22:31.900000,10.000739699681928,9634,2020-12-02 13:19:25,2020-12-02 13:41:56.500000,8.437046311305416,11406.042908253792,11.197418295388394,22.653610029368743,22.743345069570495,76.43607711602098
1500000219679,1500000219679,car,Logger,2020-12-02 00:00:00.000,4550,2020-12-02 13:51:17.000,2020-12-02 13:58:51.900,454.9,0 days 00:07:34.900000,10.002198285337437,2632,2020-12-02 13:51:17,2020-12-02 13:58:51,5.030040266022017,2288.1653170134155,8.068327256604787,21.20877906205247,13.615631902842393,73.9877906007725
1500000219680,1500000219680,car,Logger,2020-12-02 00:00:00.000,1840,2020-12-02 14:08:29.000,2020-12-02 14:11:32.900,183.9,0 days 00:03:03.900000,10.005437737901033,1209,2020-12-02 14:08:29,2020-12-02 14:11:32.500000,3.430516955077074,630.872068038674,4.528873363228152,8.378773205877385,3.4912557402376097,30.013937211827074
1500000219681,1500000219681,car,Logger,2020-12-02 00:00:00.000,1470,2020-12-02 14:17:42.000,2020-12-02 14:20:08.900,146.9,0 days 00:02:26.900000,10.006807351940095,1279,2020-12-02 14:17:42,2020-12-02 14:20:08.600000,6.658383541805504,978.1165422912286,7.345280461911073,16.656550158373044,5.139894621960594,37.26550264303942
1500000219682,1500000219682,car,Logger,2020-12-02 00:00:00.000,28880,2020-12-02 14:49:31.000,2020-12-02 15:37:38.900,2887.9,0 days 00:48:07.900000,10.000346272377852,16439,2020-12-02 14:49:31,2020-12-02 15:37:38.900000,8.138568024489459,23503.37059792311,11.63089374399212,41.16968389564246,18.353505858843256,330.8968389564246
1500000219683,1500000219683,car,Logger,2020-12-03 00:00:00.000,6420,2020-12-03 07:48:11.000,2020-12-03 07:58:52.900,641.9,0 days 00:10:41.900000,10.00155787505842,5196,2020-12-03 07:48:11,2020-12-03 07:58:52.500000,6.667531098644889,4279.888212220154,7.743667486285558,39.17900573060378,15.016200699373556,342.79005730603774
1500000219684,1500000219684,car,Logger,2020-12-03 00:00:00.000,1800,2020-12-03 08:08:53.000,2020-12-03 08:11:52.900,179.9,0 days 00:02:59.900000,10.00555864369094,540,2020-12-03 08:08:53,2020-12-03 08:11:52.500000,2.1018623778223597,378.12504177024255,4.624895606669666,13.785706393790745,7.008593343034294,63.65706393790745
1500000219685,1500000219685,car,Logger,2020-12-03 00:00:00.000,860,2020-12-03 08:18:10.000,2020-12-03 08:19:35.900,85.9,0 days 00:01:25.900000,10.011641443538998,737,2020-12-03 08:18:10,2020-12-03 08:19:35.800000,5.594894494240544,480.6014370552627,5.619841792462827,12.4677824513731,1.982395815052961,34.79552558874067
1500000219686,1500000219686,car,Logger,2020-12-03 00:00:00.000,5960,2020-12-03 08:25:13.000,2020-12-03 08:35:08.900,595.9,0 days 00:09:55.900000,10.001678133915087,3035,2020-12-03 08:25:13,2020-12-03 08:35:08,6.071081912837649,3617.757711859955,9.53156827960571,27.39228913814746,23.59036928148606,122.84774714722306
1500000219687,1500000219687,car,Logger,2020-12-03 00:00:00.000,4970,2020-12-03 08:53:30.000,2020-12-03 09:01:46.900,496.9,0 days 00:08:16.900000,10.00201247735963,2914,2020-12-03 08:53:30,2020-12-03 09:01:46.900000,5.401612895138826,2684.0614475944826,8.316026072717603,20.148340123270202,13.042740016916971,194.6256559628077
1500000219688,1500000219688,car,Logger,2020-12-03 00:00:00.000,7430,2020-12-03 09:18:35.000,2020-12-03 09:30:57.900,742.9,0 days 00:12:22.900000,10.001346076187913,5394,2020-12-03 09:18:35,2020-12-03 09:30:57.800000,9.90435233607783,7357.943350472219,12.084267908449915,25.522123955551205,26.67022959752687,114.97462251631333
1500000219689,1500000219689,car,Logger,2020-12-03 00:00:00.000,11330,2020-12-03 09:36:02.000,2020-12-03 09:54:54.900,1132.9,0 days 00:18:52.900000,10.000882690440461,6028,2020-12-03 09:36:02,2020-12-03 09:54:54.900000,4.622190442388679,5236.479552182135,7.9332379821434245,21.61216975896512,19.610084913376387,76.58340125245425
1500000219690,1500000219690,car,Logger,2020-12-03 00:00:00.000,4820,2020-12-03 10:18:17.000,2020-12-03 10:26:18.900,481.9,0 days 00:08:01.900000,10.002075119319361,2297,2020-12-03 10:18:17,2020-12-03 10:26:18.800000,3.763656958938825,1813.7062885126197,6.744551450620233,17.014391975974778,14.809433625032028,77.28987319453306
1500000219691,1500000219691,car,Logger,2020-12-03 00:00:00.000,400,2020-12-03 10:53:55.000,2020-12-03 10:54:34.900,39.9,0 days 00:00:39.900000,10.025062656641605,317,2020-12-03 10:53:55,2020-12-03 10:54:34.900000,5.899783060885763,235.40134412934196,6.323416241076758,10.467389519798447,10.697107424503281,29.29605241087148
1500000219692,1500000219692,car,Logger,2020-12-03 00:00:00.000,7720,2020-12-03 11:00:54.000,2020-12-03 11:13:45.900,771.9,0 days 00:12:51.900000,10.001295504599042,5615,2020-12-03 11:00:54,2020-12-03 11:13:45.800000,6.916517730507561,5338.860036178786,8.93767213272111,51.971163266103794,19.72941847779779,490.282212539249
1500000219693,1500000219693,car,Logger,2020-12-03 00:00:00.000,9020,2020-12-03 12:00:52.000,2020-12-03 12:15:53.900,901.9,0 days 00:15:01.900000,10.001108770373657,5718,2020-12-03 12:00:52,2020-12-03 12:15:53.800000,5.9696080574294434,5383.989506995615,8.43216576565816,24.146202372882907,19.608026716668235,192.35063157898756
1500000219694,1500000219694,car,Logger,2020-12-03 00:00:00.000,16340,2020-12-03 12:37:26.000,2020-12-03 13:04:39.900,1633.9,0 days 00:27:13.900000,10.00061203256013,9927,2020-12-03 12:37:26,2020-12-03 13:04:39.900000,10.622781921387295,17356.563381354703,13.473764745041068,28.63185183697616,24.148559871569045,164.57023204211882
1500000219695,1500000219695,car,Logger,2020-12-03 00:00:00.000,14500,2020-12-03 13:24:08.000,2020-12-03 13:48:17.900,1449.9,0 days 00:24:09.900000,10.00068970273812,10320,2020-12-03 13:24:08,2020-12-03 13:48:17.700000,12.368891499312815,17933.65578485365,13.93619777306766,30.75272959997785,26.93075142101721,133.238187935512
1500000219696,1500000219696,car,Logger,2020-12-04 00:00:00.000,390,2020-12-04 07:53:03.000,2020-12-04 07:53:41.900,38.9,0 days 00:00:38.900000,10.025706940874036,293,2020-12-04 07:53:03,2020-12-04 07:53:41.800000,4.783359009032357,186.0726654513587,5.251655241878335,9.858833008271755,6.0761794240717055,32.014341629140105
1500000219697,1500000219697,car,Logger,2020-12-04 00:00:00.000,11270,2020-12-04 07:59:15.000,2020-12-04 08:18:01.900,1126.9,0 days 00:18:46.900000,10.000887390185463,7723,2020-12-04 07:59:15,2020-12-04 08:18:01.700000,6.208191881618466,6996.011431395849,8.416792080102152,20.818846563569206,21.58199699109485,72.87023314824289
1500000219698,1500000219698,car,Logger,2020-12-04 00:00:00.000,9730,2020-12-04 08:26:00.000,2020-12-04 08:42:12.900,972.9,0 days 00:16:12.900000,10.001027854866892,5574,2020-12-04 08:26:00,2020-12-04 08:42:12.900000,7.768620116654261,7558.09051149293,12.45167080121683,26.509889241515484,37.75614026030635,112.03511937165452
1500000219699,1500000219699,car,Logger,2020-12-04 00:00:00.000,4540,2020-12-04 08:49:05.000,2020-12-04 08:56:38.900,453.9,0 days 00:07:33.900000,10.002203128442389,1716,2020-12-04 08:49:05,2020-12-04 08:56:38.100000,3.0112635839875073,1366.8125407719294,6.559261946749208,22.77802398678116,15.241688477610468,77.98024490778381
1500000219700,1500000219700,car,Logger,2020-12-04 00:00:00.000,6200,2020-12-04 09:08:55.000,2020-12-04 09:19:14.900,619.9,0 days 00:10:19.900000,10.001613163413454,2302,2020-12-04 09:08:55,2020-12-04 09:19:14.900000,2.3725016811383424,1470.7137921376584,5.350582939467859,16.440081141540077,12.931370446569447,48.80081141540076
1500000219701,1500000219701,car,Logger,2020-12-04 00:00:00.000,3790,2020-12-04 09:26:36.000,2020-12-04 09:32:54.900,378.9,0 days 00:06:18.900000,10.002639218791238,1698,2020-12-04 09:26:36,2020-12-04 09:32:54.500000,2.934257665272962,1111.7902293719253,5.314677570953874,14.39800905304748,11.456831389395001,43.18009053047479
1500000219702,1500000219702,car,Logger,2020-12-04 00:00:00.000,6160,2020-12-04 09:51:01.000,2020-12-04 10:01:16.900,615.9,0 days 00:10:15.900000,10.001623640201332,2886,2020-12-04 09:51:01,2020-12-04 10:01:16.500000,4.060166880827039,2500.656781901373,7.516133307068961,16.44010551657588,20.620110487119472,55.27356445233335
1500000219703,1500000219703,car,Logger,2020-12-04 00:00:00.000,13180,2020-12-04 10:12:43.000,2020-12-04 10:34:40.900,1317.9,0 days 00:21:57.900000,10.000758782912207,7910,2020-12-04 10:12:43,2020-12-04 10:34:40.900000,6.137767793849082,8088.964175513705,9.488557268164067,20.78263377612893,24.54309429110474,70.92211128024753
1500000219704,1500000219704,car,Logger,2020-12-04 00:00:00.000,7240,2020-12-04 10:44:55.000,2020-12-04 10:56:58.900,723.9,0 days 00:12:03.900000,10.001381406271586,2511,2020-12-04 10:44:55,2020-12-04 10:56:58.900000,3.089601117788255,2236.562249166918,6.914770903520066,20.148340125245426,16.067796199318867,71.08340235857831
1500000219705,1500000219705,car,Logger,2020-12-04 00:00:00.000,10240,2020-12-04 11:24:05.000,2020-12-04 11:41:08.900,1023.9,0 days 00:17:03.900000,10.000976657876747,7346,2020-12-04 11:24:05,2020-12-04 11:41:08.900000,8.654249415454839,8861.08597648421,11.351073489806307,26.83470350746539,29.242917601619478,94.90534915942618
1500000219706,1500000219706,car,Logger,2020-12-04 00:00:00.000,1380,2020-12-04 12:35:16.000,2020-12-04 12:37:33.900,137.9,0 days 00:02:17.900000,10.007251631617114,861,2020-12-04 12:35:16,2020-12-04 12:37:33.800000,3.84651097213291,530.4338630571283,5.621288184355322,9.331410257847907,7.191892222261397,26.995918035727655
1500000219707,1500000219707,car,Logger,2020-12-04 00:00:00.000,11600,2020-12-04 12:45:23.000,2020-12-04 13:04:42.900,1159.9,0 days 00:19:19.900000,10.000862143288213,7188,2020-12-04 12:45:23,2020-12-04 13:04:42.900000,11.00585452991536,12765.690669248828,12.77469496252626,385.93676130709963,33.40281650101338,3595.267613070996
1500000219708,1500000219708,car,Logger,2020-12-04 00:00:00.000,1130,2020-12-04 13:25:10.000,2020-12-04 13:27:02.900,112.9,0 days 00:01:52.900000,10.008857395925597,252,2020-12-04 13:25:10,2020-12-04 13:27:02.600000,1.4753440615876974,166.56634455325104,2.1367886881707663,4.289497599621508,4.704523801376132,28.0949208837434
1500000219709,1500000219709,car,Logger,2020-12-04 00:00:00.000,12730,2020-12-04 16:30:20.000,2020-12-04 16:51:32.900,1272.9,0 days 00:21:12.900000,10.000785607667531,7861,2020-12-04 16:30:20,2020-12-04 16:51:32.900000,6.42248334684753,8175.179052202222,9.61820920591195,19.85139579602459,18.556222867765822,64.51394197135262
1500000219710,1500000219710,car,Logger,2020-12-04 00:00:00.000,1810,2020-12-04 17:01:12.000,2020-12-04 17:04:12.900,180.9,0 days 00:03:00.900000,10.005527915975676,335,2020-12-04 17:01:12,2020-12-04 17:04:12.900000,1.369588467210052,247.75855371829843,6.055100722579374,11.143846340125032,12.590937193343642,34.288365357472514
1500000219711,1500000219711,car,Logger,2020-12-05 00:00:00.000,5400,2020-12-05 07:37:51.000,2020-12-05 07:46:50.900,539.9,0 days 00:08:59.900000,10.0018521948509,3990,2020-12-05 07:37:51,2020-12-05 07:46:50,8.656482585101818,4673.6349476964715,11.067889831477691,24.741595528106586,26.12492825628642,86.11590581731814
1500000219712,1500000219712,car,Logger,2020-12-05 00:00:00.000,6180,2020-12-05 08:00:35.000,2020-12-05 08:10:52.900,617.9,0 days 00:10:17.900000,10.001618384851918,4418,2020-12-05 08:00:35,2020-12-05 08:10:52.800000,9.499494862751314,5869.737875694037,12.65571689071695,23.76916627228051,32.41318757608102,78.8916627228051
1500000219713,1500000219713,car,Logger,2020-12-05 00:00:00.000,9980,2020-12-05 08:20:38.000,2020-12-05 08:37:15.900,997.9,0 days 00:16:37.900000,10.00100210441928,7076,2020-12-05 08:20:38,2020-12-05 08:37:15.100000,12.566986620535738,12540.595948632614,16.590075488979885,32.7287129392377,18.47880694896915,79.96641595709139
1500000219714,1500000219714,car,Logger,2020-12-05 00:00:00.000,520,2020-12-05 09:01:08.000,2020-12-05 09:01:59.900,51.9,0 days 00:00:51.900000,10.019267822736031,188,2020-12-05 09:01:08,2020-12-05 09:01:59.100000,2.3350333859609576,121.1882327313737,3.411250033288306,6.362633729479461,10.663747529723224,25.526337294794605
1500000219715,1500000219715,car,Logger,2020-12-05 00:00:00.000,14360,2020-12-05 09:25:23.000,2020-12-05 09:49:18.900,1435.9,0 days 00:23:55.900000,10.000696427327808,11195,2020-12-05 09:25:23,2020-12-05 09:49:18.200000,13.72896499742943,19713.420839808918,16.40897230374389,53.02089076378375,28.457160860529605,364.7089076378374
1500000219716,1500000219716,car,Logger,2020-12-05 00:00:00.000,2350,2020-12-05 12:10:13.000,2020-12-05 12:14:07.900,234.9,0 days 00:03:54.900000,10.004257130693912,1318,2020-12-05 12:10:13,2020-12-05 12:14:07,3.418324659575275,802.9644625342321,5.49777660076913,10.467372139373154,9.075171958573842,36.47372139373154
1500000219717,1500000219717,car,Logger,2020-12-05 00:00:00.000,460,2020-12-05 12:25:07.000,2020-12-05 12:25:52.900,45.9,0 days 00:00:45.900000,10.021786492374728,437,2020-12-05 12:25:07,2020-12-05 12:25:52.900000,5.56194189630008,255.2931330401737,5.297115138579473,7.599601707497765,9.540444794228744,29.68297792280768
1500000219718,1500000219718,car,Logger,2020-12-05 00:00:00.000,2290,2020-12-05 12:31:29.000,2020-12-05 12:35:17.900,228.9,0 days 00:03:48.900000,10.00436871996505,1716,2020-12-05 12:31:29,2020-12-05 12:35:17.500000,4.759747493517885,1089.506201266244,5.6124070749130395,11.222041523318566,9.051609579007389,31.426337294794603
1500000219719,1500000219719,car,Logger,2020-12-05 00:00:00.000,1980,2020-12-05 13:23:41.000,2020-12-05 13:26:58.900,197.9,0 days 00:03:17.900000,10.005053057099545,1329,2020-12-05 13:23:41,2020-12-05 13:26:57.600000,4.352423308073815,861.344572667808,5.895440905523064,10.409504545507215,9.781380341942107,35.9950406537538
1500000219720,1500000219720,car,Logger,2020-12-05 00:00:00.000,710,2020-12-05 13:32:39.000,2020-12-05 13:33:49.900,70.9,0 days 00:01:10.900000,10.01410437235543,405,2020-12-05 13:32:39,2020-12-05 13:33:49.900000,3.82034243460285,270.8622786133421,5.6001593045699805,10.467389459777117,10.874049410283279,30.673812295684684
1500000219721,1500000219721,car,Logger,2020-12-07 00:00:00.000,700,2020-12-07 07:41:21.000,2020-12-07 07:42:30.900,69.9,0 days 00:01:09.900000,10.014306151645206,325,2020-12-07 07:41:21,2020-12-07 07:42:30,3.395001870189245,237.31063072622823,5.916437625496127,10.467400305906795,10.182907615510974,35.47400305906795
1500000219722,1500000219722,car,Logger,2020-12-07 00:00:00.000,13290,2020-12-07 08:45:24.000,2020-12-07 09:07:32.900,1328.9,0 days 00:22:08.900000,10.00075250206938,5381,2020-12-07 08:45:24,2020-12-07 09:07:32.800000,3.3753979104533647,4485.566283201477,7.502430281865829,17.946937101397747,17.065080457762768,58.869371013977464
1500000219723,1500000219723,car,Logger,2020-12-07 00:00:00.000,2150,2020-12-07 09:19:45.000,2020-12-07 09:23:19.900,214.9,0 days 00:03:34.900000,10.004653327128898,1069,2020-12-07 09:19:45,2020-12-07 09:23:19.600000,4.043491058720994,868.9462285191415,7.169649845021921,19.53495898284532,20.942139585632653,74.8790118646316
1500000219724,1500000219724,car,Logger,2020-12-07 00:00:00.000,2540,2020-12-07 09:31:29.000,2020-12-07 09:35:42.900,253.9,0 days 00:04:13.900000,10.003938558487594,1872,2020-12-07 09:31:29,2020-12-07 09:35:42.900000,5.774499853965421,1466.1455129218202,7.124516422628828,18.027462251631334,20.532319890672966,62.074622496561105
1500000219725,1500000219725,car,Logger,2020-12-07 00:00:00.000,6840,2020-12-07 09:43:56.000,2020-12-07 09:55:19.900,683.9,0 days 00:11:23.900000,10.001462202076327,2182,2020-12-07 09:43:56,2020-12-07 09:55:19.500000,2.612179299825049,1786.469423150351,6.716027559463877,20.20896415789742,15.473697588072444,55.58964946147023
1500000219726,1500000219726,car,Logger,2020-12-07 00:00:00.000,6620,2020-12-07 10:08:16.000,2020-12-07 10:19:17.900,661.9,0 days 00:11:01.900000,10.001510802235988,4502,2020-12-07 10:08:16,2020-12-07 10:19:17.900000,6.038040433241443,3996.5789627625113,8.305032567782735,18.58566031309791,16.233588446539216,52.63739699008891
1500000219727,1500000219727,car,Logger,2020-12-07 00:00:00.000,5660,2020-12-07 10:34:23.000,2020-12-07 10:43:48.900,565.9,0 days 00:09:25.900000,10.001767096660188,4020,2020-12-07 10:34:23,2020-12-07 10:43:48.900000,7.140619166714323,4040.8763864436355,9.301758347707317,20.208417483065062,18.655006381988873,62.98295199202323
1500000219728,1500000219728,car,Logger,2020-12-07 00:00:00.000,3700,2020-12-07 10:57:49.000,2020-12-07 11:03:58.900,369.9,0 days 00:06:09.900000,10.002703433360368,3080,2020-12-07 10:57:49,2020-12-07 11:03:58.400000,8.174965517514558,3023.919744928635,9.3295874906135,18.027462251631334,14.963217196902136,65.08274588503357
1500000219729,1500000219729,car,Logger,2020-12-07 00:00:00.000,2760,2020-12-07 11:11:31.000,2020-12-07 11:16:06.900,275.9,0 days 00:04:35.900000,10.003624501631027,2391,2020-12-07 11:11:31,2020-12-07 11:16:06.900000,8.64319966012681,2384.6587862289866,9.527543424587938,17.468335321063726,18.617280315714076,65.16584379992462
1500000219010,1500000219010,car,Logger,2021-01-14 00:00:00.000,7620,2021-01-14 13:27:09.000,2021-01-14 13:39:50.900,761.9,0 days 00:12:41.900000,10.001312508203176,5308,2021-01-14 13:27:09,2021-01-14 13:39:50,6.170996606709313,4701.682314651825,8.230928959089976,34.8800970481484,18.73048156300471,265.90097048148397
1500000219011,1500000219011,car,Logger,2021-01-14 00:00:00.000,280,2021-01-14 14:00:11.000,2021-01-14 14:00:38.900,27.9,0 days 00:00:27.900000,10.03584229390681,198,2021-01-14 14:00:11,2021-01-14 14:00:38.900000,3.409991165990807,95.13875353114351,3.244798291266063,5.514282557911343,9.967834157471849,25.459272811746114
1500000219012,1500000219012,car,Logger,2021-01-14 00:00:00.000,5700,2021-01-14 14:08:31.000,2021-01-14 14:18:00.900,569.9,0 days 00:09:29.900000,10.001754693805932,4030,2021-01-14 14:08:31,2021-01-14 14:18:00.900000,7.670046667250951,4371.159595666317,10.089549786112807,19.08790118843838,28.347689279943044,71.0790118646316
1500000219013,1500000219013,car,Logger,2021-01-16 00:00:00.000,5820,2021-01-16 07:31:25.000,2021-01-16 07:41:06.900,581.9,0 days 00:09:41.900000,10.001718508334767,3696,2021-01-16 07:31:25,2021-01-16 07:41:06.500000,8.046994007010655,4682.5458126795,12.015010354301776,25.450534917917842,28.293075278139305,87.70095979135573
1500000219014,1500000219014,car,Logger,2021-01-16 00:00:00.000,7010,2021-01-16 07:47:08.000,2021-01-16 07:58:48.900,700.9,0 days 00:11:40.900000,10.00142673705236,3972,2021-01-16 07:47:08,2021-01-16 07:58:48.900000,7.335822398952812,5141.677919426026,12.104128735439224,23.76917065729596,32.23168471682289,83.96772103464815
1500000219015,1500000219015,car,Logger,2021-01-16 00:00:00.000,8050,2021-01-16 08:05:55.000,2021-01-16 08:19:19.900,804.9,0 days 00:13:24.900000,10.001242390359051,6570,2021-01-16 08:05:55,2021-01-16 08:19:19.500000,15.52578666806478,12496.705689125341,18.08446089187529,35.37397958157659,21.01559557186004,125.83979581576592
1500000219016,1500000219016,car,Logger,2021-01-16 00:00:00.000,700,2021-01-16 08:45:15.000,2021-01-16 08:46:24.900,69.9,0 days 00:01:09.900000,10.014306151645206,204,2021-01-16 08:45:15,2021-01-16 08:46:24.700000,1.8131332731703436,126.73801579460702,3.1664773475979078,6.362633729479461,9.735390745368727,28.117558578405884
1500000219017,1500000219017,car,Logger,2021-01-16 00:00:00.000,9570,2021-01-16 09:08:35.000,2021-01-16 09:24:31.900,956.9,0 days 00:15:56.900000,10.00104504127913,7496,2021-01-16 09:08:35,2021-01-16 09:24:29.100000,14.839502902883131,14199.920327768868,17.93858133311177,34.875139840178356,23.594790782538915,78.96769604435988
1500000219018,1500000219018,car,Logger,2021-01-16 00:00:00.000,6660,2021-01-16 09:39:01.000,2021-01-16 09:50:06.900,665.9,0 days 00:11:05.900000,10.001501726986035,4059,2021-01-16 09:39:01,2021-01-16 09:50:06.700000,6.949583348232868,4627.727551588267,10.56771398108054,21.794954078021185,23.77277488517323,136.3675619066485
1500000219019,1500000219019,car,Logger,2021-01-19 00:00:00.000,1450,2021-01-19 07:31:59.000,2021-01-19 07:34:23.900,144.9,0 days 00:02:24.900000,10.006901311249138,433,2021-01-19 07:31:59,2021-01-19 07:34:23.500000,1.8169598880854825,263.2774877835864,4.101593743049852,6.736771631577062,5.10367733738179,30.582949675018654
1500000219020,1500000219020,car,Logger,2021-01-19 00:00:00.000,11810,2021-01-19 08:20:21.000,2021-01-19 08:40:01.900,1180.9,0 days 00:19:40.900000,10.000846811753746,6352,2021-01-19 08:20:21,2021-01-19 08:40:01.400000,4.795889689552589,5663.466134392653,8.192896967193656,28.93187905940196,19.026129713120064,227.8187905940196
1500000219021,1500000219021,car,Logger,2021-01-19 00:00:00.000,5100,2021-01-19 08:46:30.000,2021-01-19 08:54:59.900,509.9,0 days 00:08:29.900000,10.001961168856639,2913,2021-01-19 08:46:30,2021-01-19 08:54:59.200000,5.334656589880199,2720.141395179913,8.418588943283385,20.57253458473952,18.470336039355246,76.92534584739516
1500000219022,1500000219022,car,Logger,2021-01-19 00:00:00.000,2880,2021-01-19 09:03:09.000,2021-01-19 09:07:56.900,287.9,0 days 00:04:47.900000,10.003473428273708,1866,2021-01-19 09:03:09,2021-01-19 09:07:56.200000,4.928201952496603,1418.829342123772,6.851486125446982,30.752729710590256,20.952562486725572,225.62729710590253
1500000219023,1500000219023,car,Logger,2021-01-19 00:00:00.000,2220,2021-01-19 16:28:00.000,2021-01-19 16:31:41.900,221.9,0 days 00:03:41.900000,10.004506534474988,1638,2021-01-19 16:28:00,2021-01-19 16:31:41.800000,6.992192645520693,1551.5675480410418,8.661604574816476,16.097475374460355,14.653966221748684,54.17475733832635
1500000219024,1500000219024,car,Logger,2021-01-19 00:00:00.000,1550,2021-01-19 16:56:21.000,2021-01-19 16:58:55.900,154.9,0 days 00:02:34.900000,10.00645577792124,1039,2021-01-19 16:56:21,2021-01-19 16:58:55.100000,5.065894225894252,784.7070155910196,6.9199719100641595,15.080018267732532,9.333211059535206,33.596394659853395
1500000219025,1500000219025,car,Logger,2021-01-20 00:00:00.000,850,2021-01-20 07:42:47.000,2021-01-20 07:44:11.900,84.9,0 days 00:01:24.900000,10.011778563015312,334,2021-01-20 07:42:47,2021-01-20 07:44:11.100000,2.5919795646566204,220.05906503934708,5.671641687661431,11.143846995306035,9.680740131635202,35.372243543053145
1500000219026,1500000219026,car,Logger,2021-01-20 00:00:00.000,5550,2021-01-20 08:00:23.000,2021-01-20 08:09:37.900,554.9,0 days 00:09:14.900000,10.001802126509281,2861,2021-01-20 08:00:23,2021-01-20 08:09:37.800000,2.849216120260983,1581.0300251328194,4.741479021514324,11.14381071833841,8.621448446043248,32.51596153119293
1500000219027,1500000219027,car,Logger,2021-01-20 00:00:00.000,10110,2021-01-20 08:17:30.000,2021-01-20 08:34:20.900,1010.9,0 days 00:16:50.900000,10.000989217528934,7360,2021-01-20 08:17:30,2021-01-20 08:34:20.900000,6.7335536983394775,6806.949433651378,8.405293910291572,20.20970307803799,22.7405412232164,91.47061737519965
1500000219028,1500000219028,car,Logger,2021-01-20 00:00:00.000,6930,2021-01-20 08:48:43.000,2021-01-20 09:00:15.900,692.9,0 days 00:11:32.900000,10.001443209698369,3685,2021-01-20 08:48:43,2021-01-20 09:00:15.200000,4.777425743862577,3310.2782979223794,7.531066643717404,25.78746427753396,15.583602450487083,140.77464277533957
1500000219029,1500000219029,car,Logger,2021-01-20 00:00:00.000,7910,2021-01-20 09:08:04.000,2021-01-20 09:21:14.900,790.9,0 days 00:13:10.900000,10.001264382349223,3860,2021-01-20 09:08:04,2021-01-20 09:21:14.900000,5.244704649148727,4148.0369070117285,10.025297397415274,23.696748538832768,18.88958756631023,83.86748538832767
1500000219030,1500000219030,car,Logger,2021-01-20 00:00:00.000,450,2021-01-20 11:13:50.000,2021-01-20 11:14:34.900,44.9,0 days 00:00:44.900000,10.022271714922049,414,2021-01-20 11:13:50,2021-01-20 11:14:34.900000,4.8785970084049515,219.0490056773823,4.741923557375519,7.599602469491582,8.65061392882558,28.496024694915814
1500000219031,1500000219031,car,Logger,2021-01-20 00:00:00.000,12700,2021-01-20 12:00:58.000,2021-01-20 12:22:07.900,1269.9,0 days 00:21:09.900000,10.000787463579808,8576,2021-01-20 12:00:58,2021-01-20 12:22:07.900000,7.061184859451008,8966.998653016835,9.108531690261529,20.572353301174157,22.971021221351524,91.66910139448359
1500000219032,1500000219032,car,Logger,2021-01-20 00:00:00.000,19200,2021-01-20 12:36:42.000,2021-01-20 13:08:41.900,1919.9,0 days 00:31:59.900000,10.000520860461481,11151,2021-01-20 12:36:42,2021-01-20 13:08:41.400000,5.339716713937604,10251.722119088807,8.474822597381149,20.572422179950927,5.437052226391553,72.68340235857829
1500000219033,1500000219033,car,Logger,2021-01-20 00:00:00.000,15700,2021-01-20 15:27:17.000,2021-01-20 15:53:26.900,1569.9,0 days 00:26:09.900000,10.00063698324734,12102,2021-01-20 15:27:17,2021-01-20 15:53:26.800000,6.900325647050381,10832.821233304394,8.380193042341467,16.967023204211884,6.9637382855126155,70.66719739708245
1500000219034,1500000219034,car,Logger,2021-01-20 00:00:00.000,9430,2021-01-20 16:01:07.000,2021-01-20 16:16:49.900,942.9,0 days 00:15:42.900000,10.001060557853432,6507,2021-01-20 16:01:07,2021-01-20 16:16:49.900000,6.9599766227093385,6562.561957552635,9.408597782915162,27.783348292922998,21.70672141694746,265.03348292922993
1500000219035,1500000219035,car,Logger,2021-01-21 00:00:00.000,820,2021-01-21 07:41:30.000,2021-01-21 07:42:51.900,81.9,0 days 00:01:21.900000,10.012210012210012,352,2021-01-21 07:41:30,2021-01-21 07:42:51.600000,2.76231621067295,226.23369765411462,4.9020025823476345,9.33142884793652,5.913937536558702,33.51428847936519
1500000219036,1500000219036,car,Logger,2021-01-21 00:00:00.000,4290,2021-01-21 15:34:31.000,2021-01-21 15:41:39.900,428.9,0 days 00:07:08.900000,10.002331545814876,3312,2021-01-21 15:34:31,2021-01-21 15:41:39.900000,5.671410139538885,2432.467808848228,6.983752576340031,53.66945227582152,16.418819522624748,447.2945227582152
1500000312376,1500000312376,still,Smartphone,2021-12-04 00:00:00.000,14660,2021-12-04 20:04:35.000,2021-12-04 20:29:00.900,1465.9,0 days 00:24:25.900000,10.000682174773177,6,2021-12-04 20:04:35,2021-12-04 20:28:51.300000,0.570010665281636,835.5786342363502,0.024375268279108967,0.1462516096746538,0.0009296240849210794,0.0055777445095264765
1500000312377,1500000312377,still,Smartphone,2021-12-04 00:00:00.000,99250,2021-12-04 20:29:24.000,2021-12-04 23:14:48.900,9924.9,0 days 02:45:24.900000,10.000100756682688,6,2021-12-04 20:29:58.800000,2021-12-04 23:14:39.100000,0.003910659159024573,38.812901087402985,0.000965417423263549,0.005792504539581294,5.078471453253808e-07,3.0470828719522847e-06
1500000312378,1500000312378,still,Smartphone,2021-12-04 00:00:00.000,2240,2021-12-04 23:15:10.000,2021-12-04 23:18:53.900,223.9,0 days 00:03:43.900000,10.004466279589103,8,2021-12-04 23:16:12.300000,2021-12-04 23:18:51.300000,0.13817348050209965,30.937042284420116,0.23432379310173634,0.7953369557330662,0.009961976233125064,0.027905279390438027
1500000312379,1500000312379,pedestrian,Smartphone,2021-12-04 00:00:00.000,5000,2021-12-04 23:19:14.000,2021-12-04 23:27:33.900,499.9,0 days 00:08:19.900000,10.002000400080016,15,2021-12-04 23:22:53.800000,2021-12-04 23:27:32.100000,0.5016480740582928,250.7738722217406,1.0482845239273755,2.6199369723464585,0.06803764266718004,0.31968742005249373
1500000312429,1500000312429,still,Smartphone,2021-12-06 00:00:00.000,6330,2021-12-06 13:24:07.000,2021-12-06 13:34:39.900,632.9,0 days 00:10:32.900000,10.001580028440513,2,2021-12-06 13:24:07,2021-12-06 13:34:30.300000,0.0012706989416586523,0.8042253601757611,0.0,0.0,0.0,0.0
1500000312455,1500000312455,pedestrian,Smartphone,2021-12-06 00:00:00.000,29960,2021-12-06 13:34:50.000,2021-12-06 14:24:45.900,2995.9,0 days 00:49:55.900000,10.000333789512334,3,2021-12-06 13:34:50.300000,2021-12-06 14:24:36.200000,0.0015706568832146873,4.705530956422882,0.0,0.0,0.0,0.0
1500000312456,1500000312456,still,Smartphone,2021-12-06 00:00:00.000,10980,2021-12-06 14:25:01.000,2021-12-06 14:43:18.900,1097.9,0 days 00:18:17.900000,10.000910829765916,6,2021-12-06 14:25:21.400000,2021-12-06 14:43:09.500000,0.0040529480001617445,4.449731609377579,0.0013220565372266651,0.00793233922335999,4.8250238584914785e-06,2.895014315094887e-05
1500000312457,1500000312457,still,Smartphone,2021-12-06 00:00:00.000,15340,2021-12-06 16:33:58.000,2021-12-06 16:59:31.900,1533.9,0 days 00:25:33.900000,10.000651932981288,111,2021-12-06 16:33:58,2021-12-06 16:59:22.100000,0.03774622480861628,57.898934233936515,0.06467849119658084,0.21821425203657124,0.002769724886862267,0.02823944242493178
1500000312458,1500000312458,pedestrian,Smartphone,2021-12-06 00:00:00.000,2490,2021-12-06 16:59:46.000,2021-12-06 17:03:54.900,248.9,0 days 00:04:08.900000,10.004017677782242,3,2021-12-06 16:59:46,2021-12-06 17:03:45.100000,0.009109826361877635,2.2674357814713435,0.0,0.0,0.0,0.0
1500000312460,1500000312460,still,Smartphone,2021-12-06 00:00:00.000,6750,2021-12-06 17:03:57.000,2021-12-06 17:15:11.900,674.9,0 days 00:11:14.900000,10.00148170099274,3,2021-12-06 17:04:05.100000,2021-12-06 17:15:02.600000,0.009536019832781645,6.435859785144332,0.0,0.0,0.0,0.0
1500000312461,1500000312461,pedestrian,Smartphone,2021-12-06 00:00:00.000,2950,2021-12-06 17:15:18.000,2021-12-06 17:20:12.900,294.9,0 days 00:04:54.900000,10.003390979993219,8,2021-12-06 17:15:18,2021-12-06 17:20:03.500000,1.1182695798882756,329.77769910905243,0.7464359183254113,2.1010701884938734,0.011487302342968284,0.0455763598371773
1500000312462,1500000312462,pedestrian,Smartphone,2021-12-06 00:00:00.000,14410,2021-12-06 17:20:26.000,2021-12-06 17:44:26.900,1440.9,0 days 00:24:00.900000,10.000694010687765,147,2021-12-06 17:20:26,2021-12-06 17:44:18.100000,8.453231597949026,12180.261409484752,15.725865854567711,27.260735752401693,0.5542270029195436,1.5675943574652877
1500000312463,1500000312463,still,Smartphone,2021-12-06 00:00:00.000,1670,2021-12-06 17:44:32.000,2021-12-06 17:47:18.900,166.9,0 days 00:02:46.900000,10.005991611743559,25,2021-12-06 17:45:08.800000,2021-12-06 17:47:12,10.921687060408093,1822.829570382111,14.082789013302596,22.215882915774348,0.9259054295250589,1.3985495984840237
1500000312464,1500000312464,pedestrian,Smartphone,2021-12-06 00:00:00.000,1820,2021-12-06 17:47:24.000,2021-12-06 17:50:25.900,181.9,0 days 00:03:01.900000,10.005497526113249,34,2021-12-06 17:47:27.100000,2021-12-06 17:50:13.900000,17.102114395934862,3110.8746086205515,17.1832414274984,25.145948543773187,0.948095344024398,1.6251897087546374
1500000312465,1500000312465,still,Smartphone,2021-12-06 00:00:00.000,250,2021-12-06 17:50:26.000,2021-12-06 17:50:50.900,24.9,0 days 00:00:24.900000,10.040160642570282,0,0,0,0.0,0.0,0.0,0.0,0.0,0.0
1500000312466,1500000312466,still,Smartphone,2021-12-06 00:00:00.000,70,2021-12-06 17:50:54.000,2021-12-06 17:51:00.900,6.9,0 days 00:00:06.900000,10.144927536231883,0,0,0,0.0,0.0,0.0,0.0,0.0,0.0
1500000312467,1500000312467,pedestrian,Smartphone,2021-12-06 00:00:00.000,2470,2021-12-06 17:51:06.000,2021-12-06 17:55:12.900,246.9,0 days 00:04:06.900000,10.004050222762253,50,2021-12-06 17:51:06,2021-12-06 17:55:11.400000,18.16993732046693,4486.1575244232845,17.19506324911266,27.736554146019436,0.10204365195840519,0.4487401620152728
1500000312468,1500000312468,car,Smartphone,2021-12-06 00:00:00.000,1570,2021-12-06 17:55:18.000,2021-12-06 17:57:54.900,156.9,0 days 00:02:36.900000,10.006373486297004,32,2021-12-06 17:55:18,2021-12-06 17:57:53.200000,14.657802845972492,2299.809266533084,13.792801036067843,29.002838544432386,0.5416814601258207,1.0105808215113787
1500000312469,1500000312469,still,Smartphone,2021-12-06 00:00:00.000,980,2021-12-06 17:57:59.000,2021-12-06 17:59:36.900,97.9,0 days 00:01:37.900000,10.010214504596526,2,2021-12-06 17:59:29.600000,2021-12-06 17:59:34.700000,0.02816472898332729,2.757326967467742,0.0,0.0,0.0,0.0
1500000312470,1500000312470,car,Smartphone,2021-12-06 00:00:00.000,500,2021-12-06 17:59:42.000,2021-12-06 18:00:31.900,49.9,0 days 00:00:49.900000,10.02004008016032,9,2021-12-06 17:59:42,2021-12-06 18:00:24.900000,9.895046198432226,493.762805301768,6.896297333921417,15.773885102238813,0.43394805742277903,1.029509459029916
1500000312471,1500000312471,pedestrian,Smartphone,2021-12-06 00:00:00.000,190,2021-12-06 18:00:33.000,2021-12-06 18:00:51.900,18.9,0 days 00:00:18.900000,10.052910052910054,0,0,0,0.0,0.0,0.0,0.0,0.0,0.0
1500000312472,1500000312472,still,Smartphone,2021-12-06 00:00:00.000,230,2021-12-06 18:00:54.000,2021-12-06 18:01:16.900,22.9,0 days 00:00:22.900000,10.043668122270743,2,2021-12-06 18:01:10.200000,2021-12-06 18:01:15.200000,2.4436315135799056,55.95916166097984,0.0,0.0,0.0,0.0
1500000312473,1500000312473,car,Smartphone,2021-12-06 00:00:00.000,8240,2021-12-06 18:01:20.000,2021-12-06 18:15:03.900,823.9,0 days 00:13:43.900000,10.001213739531497,155,2021-12-06 18:01:20,2021-12-06 18:14:57.200000,20.450087216575604,16848.82685773664,21.294297423388002,34.91842895736982,0.5087501451091001,2.316331899908735
1500000312475,1500000312475,pedestrian,Smartphone,2021-12-06 00:00:00.000,1900,2021-12-06 18:15:05.000,2021-12-06 18:18:14.900,189.9,0 days 00:03:09.900000,10.005265929436545,24,2021-12-06 18:15:12.300000,2021-12-06 18:17:53.100000,6.957289496081073,1321.189275305796,9.706992697896968,15.355368437961536,0.5702525481836543,1.0444103834859744
1500000312474,1500000312474,pedestrian,Smartphone,2021-12-06 00:00:00.000,8250,2021-12-06 18:18:31.000,2021-12-06 18:32:15.900,824.9,0 days 00:13:44.900000,10.001212268153715,74,2021-12-06 18:18:31,2021-12-06 18:32:09,5.4917439050277785,4530.139547257414,9.021806572082614,19.988948100125164,0.42441885451900174,1.313896659778445
1500000312512,1500000312512,pedestrian,Smartphone,2021-12-07 00:00:00.000,5290,2021-12-07 07:40:23.000,2021-12-07 07:49:11.900,528.9,0 days 00:08:48.900000,10.001890716581585,11,2021-12-07 07:40:23,2021-12-07 07:49:02.700000,0.4500569770458727,238.03513515956206,0.7337269180599096,1.7259453906999649,0.039671985353076186,0.1165078399198355
1500000312513,1500000312513,pedestrian,Smartphone,2021-12-07 00:00:00.000,6700,2021-12-07 07:49:27.000,2021-12-07 08:00:36.900,669.9,0 days 00:11:09.900000,10.00149276011345,7,2021-12-07 07:49:27,2021-12-07 08:00:27.400000,5.31875836510983,3563.0362287870753,0.7542679254631758,2.639937739121115,0.011649974440891952,0.05090914559930104
1500000312514,1500000312514,car,Smartphone,2021-12-07 00:00:00.000,580,2021-12-07 08:01:58.000,2021-12-07 08:02:55.900,57.9,0 days 00:00:57.900000,10.01727115716753,11,2021-12-07 08:01:58,2021-12-07 08:02:48.100000,6.900844580720736,399.5589012237306,4.7878029903971004,14.245519413253637,0.08808781800711844,0.7783439839296856
1500000312515,1500000312515,car,Smartphone,2021-12-07 00:00:00.000,700,2021-12-07 08:03:27.000,2021-12-07 08:04:36.900,69.9,0 days 00:01:09.900000,10.014306151645206,13,2021-12-07 08:03:27,2021-12-07 08:04:34.600000,10.74887756108914,751.3465415201309,7.437469653195393,15.509799603983193,0.1550807803339746,0.4095422494651817
1500000312516,1500000312516,car,Smartphone,2021-12-07 00:00:00.000,1300,2021-12-07 08:05:58.000,2021-12-07 08:08:07.900,129.9,0 days 00:02:09.900000,10.007698229407236,24,2021-12-07 08:05:58,2021-12-07 08:08:05.600000,19.562966851676034,2541.2293940327168,16.44016903085316,25.623132273598856,0.6608643204260244,1.479568594674168
1500000312517,1500000312517,pedestrian,Smartphone,2021-12-07 00:00:00.000,1120,2021-12-07 08:09:59.000,2021-12-07 08:11:50.900,111.9,0 days 00:01:51.900000,10.00893655049151,2,2021-12-07 08:10:07.600000,2021-12-07 08:10:53.700000,15.694960667766107,1756.2660987230274,0.0,0.0,0.0,0.0
1500000312518,1500000312518,car,Smartphone,2021-12-07 00:00:00.000,420,2021-12-07 08:12:25.000,2021-12-07 08:13:06.900,41.9,0 days 00:00:41.900000,10.023866348448689,8,2021-12-07 08:12:25,2021-12-07 08:13:05.500000,25.631974726697784,1073.9797410486372,10.021605645623229,28.48779695572614,0.12520217439713682,0.5567959094022072
1500000312519,1500000312519,pedestrian,Smartphone,2021-12-07 00:00:00.000,1510,2021-12-07 08:13:10.000,2021-12-07 08:15:40.900,150.9,0 days 00:02:30.900000,10.006626905235255,2,2021-12-07 08:14:00.200000,2021-12-07 08:15:31.300000,8.678067691022415,1309.5204145752825,0.0,0.0,0.0,0.0
1500000312520,1500000312520,pedestrian,Smartphone,2021-12-07 00:00:00.000,15090,2021-12-07 08:17:17.000,2021-12-07 08:42:25.900,1508.9,0 days 00:25:08.900000,10.000662734442308,10,2021-12-07 08:17:24.500000,2021-12-07 08:42:16.800000,0.4083538586168386,616.1651372669478,0.10894895928671806,0.39577172135286,0.0019566052332395264,0.005385916040058944
1500000312587,1500000312587,still,Smartphone,2021-12-07 00:00:00.000,8960,2021-12-07 08:45:32.000,2021-12-07 09:00:27.900,895.9,0 days 00:14:55.900000,10.001116196004018,3,2021-12-07 08:45:52.200000,2021-12-07 09:00:18.800000,0.001237301040033918,1.108498001766387,0.0,0.0,0.0,0.0
1500000312625,1500000312625,pedestrian,Smartphone,2021-12-07 00:00:00.000,26720,2021-12-07 09:17:35.000,2021-12-07 10:02:06.900,2671.9,0 days 00:44:31.900000,10.000374265503948,4,2021-12-07 09:17:35,2021-12-07 10:01:57.400000,0.0016548158698963902,4.421502522776165,0.0,0.0,0.0,0.0
1500000312700,1500000312700,still,Smartphone,2021-12-07 00:00:00.000,44250,2021-12-07 10:02:13.000,2021-12-07 11:15:57.900,4424.9,0 days 01:13:44.900000,10.00022599380777,3,2021-12-07 10:02:17.500000,2021-12-07 11:15:48.800000,0.0006350798045897965,2.81016462732939,0.0,0.0,0.0,0.0
1500000312701,1500000312701,still,Smartphone,2021-12-07 00:00:00.000,6790,2021-12-07 11:16:46.000,2021-12-07 11:28:04.900,678.9,0 days 00:11:18.900000,10.001472970982473,5,2021-12-07 11:16:55.300000,2021-12-07 11:27:55.800000,0.009008863225944866,6.116117244093969,0.0,0.0,0.0,0.0
1500000312702,1500000312702,pedestrian,Smartphone,2021-12-07 00:00:00.000,4210,2021-12-07 11:33:10.000,2021-12-07 11:40:10.900,420.9,0 days 00:07:00.900000,10.002375861249703,5,2021-12-07 11:33:10,2021-12-07 11:40:01.300000,1.3019124168373764,547.9749362468517,0.0,0.0,0.0,0.0
1500000312703,1500000312703,still,Smartphone,2021-12-07 00:00:00.000,9840,2021-12-07 11:47:00.000,2021-12-07 12:03:23.900,983.9,0 days 00:16:23.900000,10.001016363451571,2,2021-12-07 11:47:02,2021-12-07 12:03:15,0.004211110361360269,4.143311484542369,0.0,0.0,0.0,0.0
1500000312813,1500000312813,still,Smartphone,2021-12-07 00:00:00.000,520,2021-12-07 12:06:29.000,2021-12-07 12:07:20.900,51.9,0 days 00:00:51.900000,10.019267822736031,1,2021-12-07 12:06:51.100000,2021-12-07 12:06:51.100000,0.0,0.0,0.0,0.0,0.0,0.0
1500000312814,1500000312814,pedestrian,Smartphone,2021-12-07 00:00:00.000,30240,2021-12-07 12:08:15.000,2021-12-07 12:58:38.900,3023.9,0 days 00:50:23.900000,10.000330698766493,9,2021-12-07 12:08:28.100000,2021-12-07 12:58:29.600000,0.21565898123157448,652.131193346158,0.48982896370454376,1.7967166400072256,0.004942675493807391,0.012330929649825299
1500000312817,1500000312817,still,Smartphone,2021-12-07 00:00:00.000,970,2021-12-07 13:17:56.000,2021-12-07 13:19:32.900,96.9,0 days 00:01:36.900000,10.01031991744066,4,2021-12-07 13:17:56,2021-12-07 13:19:23.600000,0.041748718590196646,4.045450831390055,0.0,0.0,0.0,0.0
